123,name123,M,27-09-1921
124,name124,F,28-09-1921
125,name125,M,29-09-1921
126,name126,M,30-09-1921
127,name127,F,01-10-1921
128,name128,M,02-10-1921
129,name129,M,03-10-1921
130,name130,F,04-10-1921
131,name131,M,05-10-1921
132,name132,M,06-10-1921
133,name133,F,07-10-1921
134,name134,M,08-10-1921
135,name135,M,09-10-1921
136,name136,F,10-10-1921
137,name137,M,11-10-1921
138,name138,M,12-10-1921
139,name139,F,13-10-1921
140,name140,M,14-10-1921
141,name141,M,15-10-1921
142,name142,F,16-10-1921
143,name143,M,17-10-1921
144,name144,M,18-10-1921
145,name145,F,19-10-1921
146,name146,M,20-10-1921
147,name147,M,21-10-1921
148,name148,F,22-10-1921
149,name149,M,23-10-1921
150,name150,M,24-10-1921
151,name151,F,25-10-1921
152,name152,M,26-10-1921
153,name153,M,27-10-1921
154,name154,F,28-10-1921
155,name155,M,29-10-1921
156,name156,M,30-10-1921
157,name157,F,31-10-1921
158,name158,M,01-11-1921
159,name159,M,02-11-1921
160,name160,F,03-11-1921
161,name161,M,04-11-1921
162,name162,M,05-11-1921
163,name163,F,06-11-1921
164,name164,M,07-11-1921
165,name165,M,08-11-1921
166,name166,F,09-11-1921
167,name167,M,10-11-1921
168,name168,M,11-11-1921
169,name169,F,12-11-1921
170,name170,M,13-11-1921
171,name171,M,14-11-1921
172,name172,F,15-11-1921
173,name173,M,16-11-1921
174,name174,M,17-11-1921
175,name175,F,18-11-1921
176,name176,M,19-11-1921
177,name177,M,20-11-1921
178,name178,F,21-11-1921
179,name179,M,22-11-1921
180,name180,M,23-11-1921
181,name181,F,24-11-1921
182,name182,M,25-11-1921
183,name183,M,26-11-1921
184,name184,F,27-11-1921
185,name185,M,28-11-1921
186,name186,M,29-11-1921
187,name187,F,30-11-1921
188,name188,M,01-12-1921
189,name189,M,02-12-1921
190,name190,F,03-12-1921
191,name191,M,04-12-1921
192,name192,M,05-12-1921
193,name193,F,06-12-1921
194,name194,M,07-12-1921
195,name195,M,08-12-1921
196,name196,F,09-12-1921
197,name197,M,10-12-1921
198,name198,M,11-12-1921
199,name199,F,12-12-1921
200,name200,M,13-12-1921
201,name201,M,14-12-1921
202,name202,F,15-12-1921
203,name203,M,16-12-1921
204,name204,M,17-12-1921
205,name205,F,18-12-1921
206,name206,M,19-12-1921
207,name207,M,20-12-1921
208,name208,F,21-12-1921
209,name209,M,22-12-1921
210,name210,M,23-12-1921
211,name211,F,24-12-1921
212,name212,M,25-12-1921
213,name213,M,26-12-1921
214,name214,F,27-12-1921
215,name215,M,28-12-1921
216,name216,M,29-12-1921
217,name217,F,30-12-1921
218,name218,M,31-12-1921
219,name219,M,01-01-1922
220,name220,F,02-01-1922
221,name221,M,03-01-1922
222,name222,M,04-01-1922
223,name223,F,05-01-1922
224,name224,M,06-01-1922
225,name225,M,07-01-1922
226,name226,F,08-01-1922
227,name227,M,09-01-1922
228,name228,M,10-01-1922
229,name229,F,11-01-1922
230,name230,M,12-01-1922
231,name231,M,13-01-1922
232,name232,F,14-01-1922
233,name233,M,15-01-1922
234,name234,M,16-01-1922
235,name235,F,17-01-1922
236,name236,M,18-01-1922
237,name237,M,19-01-1922
238,name238,F,20-01-1922
239,name239,M,21-01-1922
240,name240,M,22-01-1922
241,name241,F,23-01-1922
242,name242,M,24-01-1922
243,name243,M,25-01-1922
244,name244,F,26-01-1922
245,name245,M,27-01-1922
246,name246,M,28-01-1922
247,name247,F,29-01-1922
248,name248,M,30-01-1922
249,name249,M,31-01-1922
250,name250,F,01-02-1922
251,name251,M,02-02-1922
252,name252,M,03-02-1922
253,name253,F,04-02-1922
254,name254,M,05-02-1922
255,name255,M,06-02-1922
256,name256,F,07-02-1922
257,name257,M,08-02-1922
258,name258,M,09-02-1922
259,name259,F,10-02-1922
260,name260,M,11-02-1922
261,name261,M,12-02-1922
262,name262,F,13-02-1922
263,name263,M,14-02-1922
264,name264,M,15-02-1922
265,name265,F,16-02-1922
266,name266,M,17-02-1922
267,name267,M,18-02-1922
268,name268,F,19-02-1922
269,name269,M,20-02-1922
270,name270,M,21-02-1922
271,name271,F,22-02-1922
272,name272,M,23-02-1922
273,name273,M,24-02-1922
274,name274,F,25-02-1922
275,name275,M,26-02-1922
276,name276,M,27-02-1922
277,name277,F,28-02-1922
278,name278,M,01-03-1922
279,name279,M,02-03-1922
280,name280,F,03-03-1922
281,name281,M,04-03-1922
282,name282,M,05-03-1922
283,name283,F,06-03-1922
284,name284,M,07-03-1922
285,name285,M,08-03-1922
286,name286,F,09-03-1922
287,name287,M,10-03-1922
288,name288,M,11-03-1922
289,name289,F,12-03-1922
290,name290,M,13-03-1922
291,name291,M,14-03-1922
292,name292,F,15-03-1922
293,name293,M,16-03-1922
294,name294,M,17-03-1922
295,name295,F,18-03-1922
296,name296,M,19-03-1922
297,name297,M,20-03-1922
298,name298,F,21-03-1922
299,name299,M,22-03-1922
300,name300,M,23-03-1922
301,name301,F,24-03-1922
302,name302,M,25-03-1922
303,name303,M,26-03-1922
304,name304,F,27-03-1922
305,name305,M,28-03-1922
306,name306,M,29-03-1922
307,name307,F,30-03-1922
308,name308,M,31-03-1922
309,name309,M,01-04-1922
310,name310,F,02-04-1922
311,name311,M,03-04-1922
312,name312,M,04-04-1922
313,name313,F,05-04-1922
314,name314,M,06-04-1922
315,name315,M,07-04-1922
316,name316,F,08-04-1922
317,name317,M,09-04-1922
318,name318,M,10-04-1922
319,name319,F,11-04-1922
320,name320,M,12-04-1922
321,name321,M,13-04-1922
322,name322,F,14-04-1922
323,name323,M,15-04-1922
324,name324,M,16-04-1922
325,name325,F,17-04-1922
326,name326,M,18-04-1922
327,name327,M,19-04-1922
328,name328,F,20-04-1922
329,name329,M,21-04-1922
330,name330,M,22-04-1922
331,name331,F,23-04-1922
332,name332,M,24-04-1922
333,name333,M,25-04-1922
334,name334,F,26-04-1922
335,name335,M,27-04-1922
336,name336,M,28-04-1922
337,name337,F,29-04-1922
338,name338,M,30-04-1922
339,name339,M,01-05-1922
340,name340,F,02-05-1922
341,name341,M,03-05-1922
342,name342,M,04-05-1922
343,name343,F,05-05-1922
344,name344,M,06-05-1922
345,name345,M,07-05-1922
346,name346,F,08-05-1922
347,name347,M,09-05-1922
348,name348,M,10-05-1922
349,name349,F,11-05-1922
350,name350,M,12-05-1922
351,name351,M,13-05-1922
352,name352,F,14-05-1922
353,name353,M,15-05-1922
354,name354,M,16-05-1922
355,name355,F,17-05-1922
356,name356,M,18-05-1922
357,name357,M,19-05-1922
358,name358,F,20-05-1922
359,name359,M,21-05-1922
360,name360,M,22-05-1922
361,name361,F,23-05-1922
362,name362,M,24-05-1922
363,name363,M,25-05-1922
364,name364,F,26-05-1922
365,name365,M,27-05-1922
366,name366,M,28-05-1922
367,name367,F,29-05-1922
368,name368,M,30-05-1922
369,name369,M,31-05-1922
370,name370,F,01-06-1922
371,name371,M,02-06-1922
372,name372,M,03-06-1922
373,name373,F,04-06-1922
374,name374,M,05-06-1922
375,name375,M,06-06-1922
376,name376,F,07-06-1922
377,name377,M,08-06-1922
378,name378,M,09-06-1922
379,name379,F,10-06-1922
380,name380,M,11-06-1922
381,name381,M,12-06-1922
382,name382,F,13-06-1922
383,name383,M,14-06-1922
384,name384,M,15-06-1922
385,name385,F,16-06-1922
386,name386,M,17-06-1922
387,name387,M,18-06-1922
388,name388,F,19-06-1922
389,name389,M,20-06-1922
390,name390,M,21-06-1922
391,name391,F,22-06-1922
392,name392,M,23-06-1922
393,name393,M,24-06-1922
394,name394,F,25-06-1922
395,name395,M,26-06-1922
396,name396,M,27-06-1922
397,name397,F,28-06-1922
398,name398,M,29-06-1922
399,name399,M,30-06-1922
400,name400,F,01-07-1922
401,name401,M,02-07-1922
402,name402,M,03-07-1922
403,name403,F,04-07-1922
404,name404,M,05-07-1922
405,name405,M,06-07-1922
406,name406,F,07-07-1922
407,name407,M,08-07-1922
408,name408,M,09-07-1922
409,name409,F,10-07-1922
410,name410,M,11-07-1922
411,name411,M,12-07-1922
412,name412,F,13-07-1922
413,name413,M,14-07-1922
414,name414,M,15-07-1922
415,name415,F,16-07-1922
416,name416,M,17-07-1922
417,name417,M,18-07-1922
418,name418,F,19-07-1922
419,name419,M,20-07-1922
420,name420,M,21-07-1922
421,name421,F,22-07-1922
422,name422,M,23-07-1922
423,name423,M,24-07-1922
424,name424,F,25-07-1922
425,name425,M,26-07-1922
426,name426,M,27-07-1922
427,name427,F,28-07-1922
428,name428,M,29-07-1922
429,name429,M,30-07-1922
430,name430,F,31-07-1922
431,name431,M,01-08-1922
432,name432,M,02-08-1922
433,name433,F,03-08-1922
434,name434,M,04-08-1922
435,name435,M,05-08-1922
436,name436,F,06-08-1922
437,name437,M,07-08-1922
438,name438,M,08-08-1922
439,name439,F,09-08-1922
440,name440,M,10-08-1922
441,name441,M,11-08-1922
442,name442,F,12-08-1922
443,name443,M,13-08-1922
444,name444,M,14-08-1922
445,name445,F,15-08-1922
446,name446,M,16-08-1922
447,name447,M,17-08-1922
448,name448,F,18-08-1922
449,name449,M,19-08-1922
450,name450,M,20-08-1922
451,name451,F,21-08-1922
452,name452,M,22-08-1922
453,name453,M,23-08-1922
454,name454,F,24-08-1922
455,name455,M,25-08-1922
456,name456,M,26-08-1922
457,name457,F,27-08-1922
458,name458,M,28-08-1922
459,name459,M,29-08-1922
460,name460,F,30-08-1922
461,name461,M,31-08-1922
462,name462,M,01-09-1922
463,name463,F,02-09-1922
464,name464,M,03-09-1922
465,name465,M,04-09-1922
466,name466,F,05-09-1922
467,name467,M,06-09-1922
468,name468,M,07-09-1922
469,name469,F,08-09-1922
470,name470,M,09-09-1922
471,name471,M,10-09-1922
472,name472,F,11-09-1922
473,name473,M,12-09-1922
474,name474,M,13-09-1922
475,name475,F,14-09-1922
476,name476,M,15-09-1922
477,name477,M,16-09-1922
478,name478,F,17-09-1922
479,name479,M,18-09-1922
480,name480,M,19-09-1922
481,name481,F,20-09-1922
482,name482,M,21-09-1922
483,name483,M,22-09-1922
484,name484,F,23-09-1922
485,name485,M,24-09-1922
486,name486,M,25-09-1922
487,name487,F,26-09-1922
488,name488,M,27-09-1922
489,name489,M,28-09-1922
490,name490,F,29-09-1922
491,name491,M,30-09-1922
492,name492,M,01-10-1922
493,name493,F,02-10-1922
494,name494,M,03-10-1922
495,name495,M,04-10-1922
496,name496,F,05-10-1922
497,name497,M,06-10-1922
498,name498,M,07-10-1922
499,name499,F,08-10-1922
500,name500,M,09-10-1922
501,name501,M,10-10-1922
502,name502,F,11-10-1922
503,name503,M,12-10-1922
504,name504,M,13-10-1922
505,name505,F,14-10-1922
506,name506,M,15-10-1922
507,name507,M,16-10-1922
508,name508,F,17-10-1922
509,name509,M,18-10-1922
510,name510,M,19-10-1922
511,name511,F,20-10-1922
512,name512,M,21-10-1922
513,name513,M,22-10-1922
514,name514,F,23-10-1922
515,name515,M,24-10-1922
516,name516,M,25-10-1922
517,name517,F,26-10-1922
518,name518,M,27-10-1922
519,name519,M,28-10-1922
520,name520,F,29-10-1922
521,name521,M,30-10-1922
522,name522,M,31-10-1922
523,name523,F,01-11-1922
524,name524,M,02-11-1922
525,name525,M,03-11-1922
526,name526,F,04-11-1922
527,name527,M,05-11-1922
528,name528,M,06-11-1922
529,name529,F,07-11-1922
530,name530,M,08-11-1922
531,name531,M,09-11-1922
532,name532,F,10-11-1922
533,name533,M,11-11-1922
534,name534,M,12-11-1922
535,name535,F,13-11-1922
536,name536,M,14-11-1922
537,name537,M,15-11-1922
538,name538,F,16-11-1922
539,name539,M,17-11-1922
540,name540,M,18-11-1922
541,name541,F,19-11-1922
542,name542,M,20-11-1922
543,name543,M,21-11-1922
544,name544,F,22-11-1922
545,name545,M,23-11-1922
546,name546,M,24-11-1922
547,name547,F,25-11-1922
548,name548,M,26-11-1922
549,name549,M,27-11-1922
550,name550,F,28-11-1922
551,name551,M,29-11-1922
552,name552,M,30-11-1922
553,name553,F,01-12-1922
554,name554,M,02-12-1922
555,name555,M,03-12-1922
556,name556,F,04-12-1922
557,name557,M,05-12-1922
558,name558,M,06-12-1922
559,name559,F,07-12-1922
560,name560,M,08-12-1922
561,name561,M,09-12-1922
562,name562,F,10-12-1922
563,name563,M,11-12-1922
564,name564,M,12-12-1922
565,name565,F,13-12-1922
566,name566,M,14-12-1922
567,name567,M,15-12-1922
568,name568,F,16-12-1922
569,name569,M,17-12-1922
570,name570,M,18-12-1922
571,name571,F,19-12-1922
572,name572,M,20-12-1922
573,name573,M,21-12-1922
574,name574,F,22-12-1922
575,name575,M,23-12-1922
576,name576,M,24-12-1922
577,name577,F,25-12-1922
578,name578,M,26-12-1922
579,name579,M,27-12-1922
580,name580,F,28-12-1922
581,name581,M,29-12-1922
582,name582,M,30-12-1922
583,name583,F,31-12-1922
584,name584,M,01-01-1923
585,name585,M,02-01-1923
586,name586,F,03-01-1923
587,name587,M,04-01-1923
588,name588,M,05-01-1923
589,name589,F,06-01-1923
590,name590,M,07-01-1923
591,name591,M,08-01-1923
592,name592,F,09-01-1923
593,name593,M,10-01-1923
594,name594,M,11-01-1923
595,name595,F,12-01-1923
596,name596,M,13-01-1923
597,name597,M,14-01-1923
598,name598,F,15-01-1923
599,name599,M,16-01-1923
600,name600,M,17-01-1923
601,name601,F,18-01-1923
602,name602,M,19-01-1923
603,name603,M,20-01-1923
604,name604,F,21-01-1923
605,name605,M,22-01-1923
606,name606,M,23-01-1923
607,name607,F,24-01-1923
608,name608,M,25-01-1923
609,name609,M,26-01-1923
610,name610,F,27-01-1923
611,name611,M,28-01-1923
612,name612,M,29-01-1923
613,name613,F,30-01-1923
614,name614,M,31-01-1923
615,name615,M,01-02-1923
616,name616,F,02-02-1923
617,name617,M,03-02-1923
618,name618,M,04-02-1923
619,name619,F,05-02-1923
620,name620,M,06-02-1923
621,name621,M,07-02-1923
622,name622,F,08-02-1923
623,name623,M,09-02-1923
624,name624,M,10-02-1923
625,name625,F,11-02-1923
626,name626,M,12-02-1923
627,name627,M,13-02-1923
628,name628,F,14-02-1923
629,name629,M,15-02-1923
630,name630,M,16-02-1923
631,name631,F,17-02-1923
632,name632,M,18-02-1923
633,name633,M,19-02-1923
634,name634,F,20-02-1923
635,name635,M,21-02-1923
636,name636,M,22-02-1923
637,name637,F,23-02-1923
638,name638,M,24-02-1923
639,name639,M,25-02-1923
640,name640,F,26-02-1923
641,name641,M,27-02-1923
642,name642,M,28-02-1923
643,name643,F,01-03-1923
644,name644,M,02-03-1923
645,name645,M,03-03-1923
646,name646,F,04-03-1923
647,name647,M,05-03-1923
648,name648,M,06-03-1923
649,name649,F,07-03-1923
650,name650,M,08-03-1923
651,name651,M,09-03-1923
652,name652,F,10-03-1923
653,name653,M,11-03-1923
654,name654,M,12-03-1923
655,name655,F,13-03-1923
656,name656,M,14-03-1923
657,name657,M,15-03-1923
658,name658,F,16-03-1923
659,name659,M,17-03-1923
660,name660,M,18-03-1923
661,name661,F,19-03-1923
662,name662,M,20-03-1923
663,name663,M,21-03-1923
664,name664,F,22-03-1923
665,name665,M,23-03-1923
666,name666,M,24-03-1923
667,name667,F,25-03-1923
668,name668,M,26-03-1923
669,name669,M,27-03-1923
670,name670,F,28-03-1923
671,name671,M,29-03-1923
672,name672,M,30-03-1923
673,name673,F,31-03-1923
674,name674,M,01-04-1923
675,name675,M,02-04-1923
676,name676,F,03-04-1923
677,name677,M,04-04-1923
678,name678,M,05-04-1923
679,name679,F,06-04-1923
680,name680,M,07-04-1923
681,name681,M,08-04-1923
682,name682,F,09-04-1923
683,name683,M,10-04-1923
684,name684,M,11-04-1923
685,name685,F,12-04-1923
686,name686,M,13-04-1923
687,name687,M,14-04-1923
688,name688,F,15-04-1923
689,name689,M,16-04-1923
690,name690,M,17-04-1923
691,name691,F,18-04-1923
692,name692,M,19-04-1923
693,name693,M,20-04-1923
694,name694,F,21-04-1923
695,name695,M,22-04-1923
696,name696,M,23-04-1923
697,name697,F,24-04-1923
698,name698,M,25-04-1923
699,name699,M,26-04-1923
700,name700,F,27-04-1923
701,name701,M,28-04-1923
702,name702,M,29-04-1923
703,name703,F,30-04-1923
704,name704,M,01-05-1923
705,name705,M,02-05-1923
706,name706,F,03-05-1923
707,name707,M,04-05-1923
708,name708,M,05-05-1923
709,name709,F,06-05-1923
710,name710,M,07-05-1923
711,name711,M,08-05-1923
712,name712,F,09-05-1923
713,name713,M,10-05-1923
714,name714,M,11-05-1923
715,name715,F,12-05-1923
716,name716,M,13-05-1923
717,name717,M,14-05-1923
718,name718,F,15-05-1923
719,name719,M,16-05-1923
720,name720,M,17-05-1923
721,name721,F,18-05-1923
722,name722,M,19-05-1923
723,name723,M,20-05-1923
724,name724,F,21-05-1923
725,name725,M,22-05-1923
726,name726,M,23-05-1923
727,name727,F,24-05-1923
728,name728,M,25-05-1923
729,name729,M,26-05-1923
730,name730,F,27-05-1923
731,name731,M,28-05-1923
732,name732,M,29-05-1923
733,name733,F,30-05-1923
734,name734,M,31-05-1923
735,name735,M,01-06-1923
736,name736,F,02-06-1923
737,name737,M,03-06-1923
738,name738,M,04-06-1923
739,name739,F,05-06-1923
740,name740,M,06-06-1923
741,name741,M,07-06-1923
742,name742,F,08-06-1923
743,name743,M,09-06-1923
744,name744,M,10-06-1923
745,name745,F,11-06-1923
746,name746,M,12-06-1923
747,name747,M,13-06-1923
748,name748,F,14-06-1923
749,name749,M,15-06-1923
750,name750,M,16-06-1923
751,name751,F,17-06-1923
752,name752,M,18-06-1923
753,name753,M,19-06-1923
754,name754,F,20-06-1923
755,name755,M,21-06-1923
756,name756,M,22-06-1923
757,name757,F,23-06-1923
758,name758,M,24-06-1923
759,name759,M,25-06-1923
760,name760,F,26-06-1923
761,name761,M,27-06-1923
762,name762,M,28-06-1923
763,name763,F,29-06-1923
764,name764,M,30-06-1923
765,name765,M,01-07-1923
766,name766,F,02-07-1923
767,name767,M,03-07-1923
768,name768,M,04-07-1923
769,name769,F,05-07-1923
770,name770,M,06-07-1923
771,name771,M,07-07-1923
772,name772,F,08-07-1923
773,name773,M,09-07-1923
774,name774,M,10-07-1923
775,name775,F,11-07-1923
776,name776,M,12-07-1923
777,name777,M,13-07-1923
778,name778,F,14-07-1923
779,name779,M,15-07-1923
780,name780,M,16-07-1923
781,name781,F,17-07-1923
782,name782,M,18-07-1923
783,name783,M,19-07-1923
784,name784,F,20-07-1923
785,name785,M,21-07-1923
786,name786,M,22-07-1923
787,name787,F,23-07-1923
788,name788,M,24-07-1923
789,name789,M,25-07-1923
790,name790,F,26-07-1923
791,name791,M,27-07-1923
792,name792,M,28-07-1923
793,name793,F,29-07-1923
794,name794,M,30-07-1923
795,name795,M,31-07-1923
796,name796,F,01-08-1923
797,name797,M,02-08-1923
798,name798,M,03-08-1923
799,name799,F,04-08-1923
800,name800,M,05-08-1923
801,name801,M,06-08-1923
802,name802,F,07-08-1923
803,name803,M,08-08-1923
804,name804,M,09-08-1923
805,name805,F,10-08-1923
806,name806,M,11-08-1923
807,name807,M,12-08-1923
808,name808,F,13-08-1923
809,name809,M,14-08-1923
810,name810,M,15-08-1923
811,name811,F,16-08-1923
812,name812,M,17-08-1923
813,name813,M,18-08-1923
814,name814,F,19-08-1923
815,name815,M,20-08-1923
816,name816,M,21-08-1923
817,name817,F,22-08-1923
818,name818,M,23-08-1923
819,name819,M,24-08-1923
820,name820,F,25-08-1923
821,name821,M,26-08-1923
822,name822,M,27-08-1923
823,name823,F,28-08-1923
824,name824,M,29-08-1923
825,name825,M,30-08-1923
826,name826,F,31-08-1923
827,name827,M,01-09-1923
828,name828,M,02-09-1923
829,name829,F,03-09-1923
830,name830,M,04-09-1923
831,name831,M,05-09-1923
832,name832,F,06-09-1923
833,name833,M,07-09-1923
834,name834,M,08-09-1923
835,name835,F,09-09-1923
836,name836,M,10-09-1923
837,name837,M,11-09-1923
838,name838,F,12-09-1923
839,name839,M,13-09-1923
840,name840,M,14-09-1923
841,name841,F,15-09-1923
842,name842,M,16-09-1923
843,name843,M,17-09-1923
844,name844,F,18-09-1923
845,name845,M,19-09-1923
846,name846,M,20-09-1923
847,name847,F,21-09-1923
848,name848,M,22-09-1923
849,name849,M,23-09-1923
850,name850,F,24-09-1923
851,name851,M,25-09-1923
852,name852,M,26-09-1923
853,name853,F,27-09-1923
854,name854,M,28-09-1923
855,name855,M,29-09-1923
856,name856,F,30-09-1923
857,name857,M,01-10-1923
858,name858,M,02-10-1923
859,name859,F,03-10-1923
860,name860,M,04-10-1923
861,name861,M,05-10-1923
862,name862,F,06-10-1923
863,name863,M,07-10-1923
864,name864,M,08-10-1923
865,name865,F,09-10-1923
866,name866,M,10-10-1923
867,name867,M,11-10-1923
868,name868,F,12-10-1923
869,name869,M,13-10-1923
870,name870,M,14-10-1923
871,name871,F,15-10-1923
872,name872,M,16-10-1923
873,name873,M,17-10-1923
874,name874,F,18-10-1923
875,name875,M,19-10-1923
876,name876,M,20-10-1923
877,name877,F,21-10-1923
878,name878,M,22-10-1923
879,name879,M,23-10-1923
880,name880,F,24-10-1923
881,name881,M,25-10-1923
882,name882,M,26-10-1923
883,name883,F,27-10-1923
884,name884,M,28-10-1923
885,name885,M,29-10-1923
886,name886,F,30-10-1923
887,name887,M,31-10-1923
888,name888,M,01-11-1923
889,name889,F,02-11-1923
890,name890,M,03-11-1923
891,name891,M,04-11-1923
892,name892,F,05-11-1923
893,name893,M,06-11-1923
894,name894,M,07-11-1923
895,name895,F,08-11-1923
896,name896,M,09-11-1923
897,name897,M,10-11-1923
898,name898,F,11-11-1923
899,name899,M,12-11-1923
900,name900,M,13-11-1923
901,name901,F,14-11-1923
902,name902,M,15-11-1923
903,name903,M,16-11-1923
904,name904,F,17-11-1923
905,name905,M,18-11-1923
906,name906,M,19-11-1923
907,name907,F,20-11-1923
908,name908,M,21-11-1923
909,name909,M,22-11-1923
910,name910,F,23-11-1923
911,name911,M,24-11-1923
912,name912,M,25-11-1923
913,name913,F,26-11-1923
914,name914,M,27-11-1923
915,name915,M,28-11-1923
916,name916,F,29-11-1923
917,name917,M,30-11-1923
918,name918,M,01-12-1923
919,name919,F,02-12-1923
920,name920,M,03-12-1923
921,name921,M,04-12-1923
922,name922,F,05-12-1923
923,name923,M,06-12-1923
924,name924,M,07-12-1923
925,name925,F,08-12-1923
926,name926,M,09-12-1923
927,name927,M,10-12-1923
928,name928,F,11-12-1923
929,name929,M,12-12-1923
930,name930,M,13-12-1923
931,name931,F,14-12-1923
932,name932,M,15-12-1923
933,name933,M,16-12-1923
934,name934,F,17-12-1923
935,name935,M,18-12-1923
936,name936,M,19-12-1923
937,name937,F,20-12-1923
938,name938,M,21-12-1923
939,name939,M,22-12-1923
940,name940,F,23-12-1923
941,name941,M,24-12-1923
942,name942,M,25-12-1923
943,name943,F,26-12-1923
944,name944,M,27-12-1923
945,name945,M,28-12-1923
946,name946,F,29-12-1923
947,name947,M,30-12-1923
948,name948,M,31-12-1923
949,name949,F,01-01-1924
950,name950,M,02-01-1924
951,name951,M,03-01-1924
952,name952,F,04-01-1924
953,name953,M,05-01-1924
954,name954,M,06-01-1924
955,name955,F,07-01-1924
956,name956,M,08-01-1924
957,name957,M,09-01-1924
958,name958,F,10-01-1924
959,name959,M,11-01-1924
960,name960,M,12-01-1924
961,name961,F,13-01-1924
962,name962,M,14-01-1924
963,name963,M,15-01-1924
964,name964,F,16-01-1924
965,name965,M,17-01-1924
966,name966,M,18-01-1924
967,name967,F,19-01-1924
968,name968,M,20-01-1924
969,name969,M,21-01-1924
970,name970,F,22-01-1924
971,name971,M,23-01-1924
972,name972,M,24-01-1924
973,name973,F,25-01-1924
974,name974,M,26-01-1924
975,name975,M,27-01-1924
976,name976,F,28-01-1924
977,name977,M,29-01-1924
978,name978,M,30-01-1924
979,name979,F,31-01-1924
980,name980,M,01-02-1924
981,name981,M,02-02-1924
982,name982,F,03-02-1924
983,name983,M,04-02-1924
984,name984,M,05-02-1924
985,name985,F,06-02-1924
986,name986,M,07-02-1924
987,name987,M,08-02-1924
988,name988,F,09-02-1924
989,name989,M,10-02-1924
990,name990,M,11-02-1924
991,name991,F,12-02-1924
992,name992,M,13-02-1924
993,name993,M,14-02-1924
994,name994,F,15-02-1924
995,name995,M,16-02-1924
996,name996,M,17-02-1924
997,name997,F,18-02-1924
998,name998,M,19-02-1924
999,name999,M,20-02-1924
1000,name1000,F,21-02-1924
1001,name1001,M,22-02-1924
1002,name1002,M,23-02-1924
1003,name1003,F,24-02-1924
1004,name1004,M,25-02-1924
1005,name1005,M,26-02-1924
1006,name1006,F,27-02-1924
1007,name1007,M,28-02-1924
1008,name1008,M,29-02-1924
1009,name1009,F,01-03-1924
1010,name1010,M,02-03-1924
1011,name1011,M,03-03-1924
1012,name1012,F,04-03-1924
1013,name1013,M,05-03-1924
1014,name1014,M,06-03-1924
1015,name1015,F,07-03-1924
1016,name1016,M,08-03-1924
1017,name1017,M,09-03-1924
1018,name1018,F,10-03-1924
1019,name1019,M,11-03-1924
1020,name1020,M,12-03-1924
1021,name1021,F,13-03-1924
1022,name1022,M,14-03-1924
1023,name1023,M,15-03-1924
1024,name1024,F,16-03-1924
1025,name1025,M,17-03-1924
1026,name1026,M,18-03-1924
1027,name1027,F,19-03-1924
1028,name1028,M,20-03-1924
1029,name1029,M,21-03-1924
1030,name1030,F,22-03-1924
1031,name1031,M,23-03-1924
1032,name1032,M,24-03-1924
1033,name1033,F,25-03-1924
1034,name1034,M,26-03-1924
1035,name1035,M,27-03-1924
1036,name1036,F,28-03-1924
1037,name1037,M,29-03-1924
1038,name1038,M,30-03-1924
1039,name1039,F,31-03-1924
1040,name1040,M,01-04-1924
1041,name1041,M,02-04-1924
1042,name1042,F,03-04-1924
1043,name1043,M,04-04-1924
1044,name1044,M,05-04-1924
1045,name1045,F,06-04-1924
1046,name1046,M,07-04-1924
1047,name1047,M,08-04-1924
1048,name1048,F,09-04-1924
1049,name1049,M,10-04-1924
1050,name1050,M,11-04-1924
1051,name1051,F,12-04-1924
1052,name1052,M,13-04-1924
1053,name1053,M,14-04-1924
1054,name1054,F,15-04-1924
1055,name1055,M,16-04-1924
1056,name1056,M,17-04-1924
1057,name1057,F,18-04-1924
1058,name1058,M,19-04-1924
1059,name1059,M,20-04-1924
1060,name1060,F,21-04-1924
1061,name1061,M,22-04-1924
1062,name1062,M,23-04-1924
1063,name1063,F,24-04-1924
1064,name1064,M,25-04-1924
1065,name1065,M,26-04-1924
1066,name1066,F,27-04-1924
1067,name1067,M,28-04-1924
1068,name1068,M,29-04-1924
1069,name1069,F,30-04-1924
1070,name1070,M,01-05-1924
1071,name1071,M,02-05-1924
1072,name1072,F,03-05-1924
1073,name1073,M,04-05-1924
1074,name1074,M,05-05-1924
1075,name1075,F,06-05-1924
1076,name1076,M,07-05-1924
1077,name1077,M,08-05-1924
1078,name1078,F,09-05-1924
1079,name1079,M,10-05-1924
1080,name1080,M,11-05-1924
1081,name1081,F,12-05-1924
1082,name1082,M,13-05-1924
1083,name1083,M,14-05-1924
1084,name1084,F,15-05-1924
1085,name1085,M,16-05-1924
1086,name1086,M,17-05-1924
1087,name1087,F,18-05-1924
1088,name1088,M,19-05-1924
1089,name1089,M,20-05-1924
1090,name1090,F,21-05-1924
1091,name1091,M,22-05-1924
1092,name1092,M,23-05-1924
1093,name1093,F,24-05-1924
1094,name1094,M,25-05-1924
1095,name1095,M,26-05-1924
1096,name1096,F,27-05-1924
1097,name1097,M,28-05-1924
1098,name1098,M,29-05-1924
1099,name1099,F,30-05-1924
1100,name1100,M,31-05-1924
1101,name1101,M,01-06-1924
1102,name1102,F,02-06-1924
1103,name1103,M,03-06-1924
1104,name1104,M,04-06-1924
1105,name1105,F,05-06-1924
1106,name1106,M,06-06-1924
1107,name1107,M,07-06-1924
1108,name1108,F,08-06-1924
1109,name1109,M,09-06-1924
1110,name1110,M,10-06-1924
1111,name1111,F,11-06-1924
1112,name1112,M,12-06-1924
1113,name1113,M,13-06-1924
1114,name1114,F,14-06-1924
1115,name1115,M,15-06-1924
1116,name1116,M,16-06-1924
1117,name1117,F,17-06-1924
1118,name1118,M,18-06-1924
1119,name1119,M,19-06-1924
1120,name1120,F,20-06-1924
1121,name1121,M,21-06-1924
1122,name1122,M,22-06-1924
